instance,cost,time
0,369579.82,2.318
1,539027.921,2.382
2,319842.892,1.501
3,507503.59,2.457
4,386822.77,1.834
5,289543.701,1.521
6,352039.717,1.35
7,470072.277,1.25
8,330755.914,1.099
9,1401044.681,0.958
10,459383.99,1.645
11,417923.27,1.958
12,554021.616,1.573
13,344577.196,1.005
14,195054.547,1.02
15,876195.353,1.64
16,196586.07,1.017
17,1344247.95,3.868
18,453517.444,2.175
19,149183.322,0.62
20,374643.49,0.932
21,418244.441,1.577
22,247529.428,1.206
23,268821.711,1.138
24,492162.024,1.797
25,404525.392,1.577
26,779044.189,2.095
27,360262.778,1.33
28,264866.627,0.967
29,683871.764,2.119
30,435230.306,1.902
31,256017.425,0.923
32,224500.877,0.769
33,515225.673,1.663
34,416180.964,1.625
35,355493.748,1.555
36,596466.345,1.41
37,1493372.174,1.652
38,435720.427,0.802
39,240694.118,0.619
